,city,cloud (%),country,date,humidity (%),lat,lng,max temp (F),wind (mph)
0,Rikitea,78,PF,1652046763,77,-23.1203,-134.9692,24.65,8.8
1,Castro,2,BR,1652046763,88,-24.7911,-50.0119,12.42,1.74
2,Vaini,20,TO,1652046763,69,-21.2,-175.2,26.09,4.12
3,Dhidhdhoo,94,MV,1652046764,70,6.8833,73.1,29.38,7.96
4,Khatanga,45,RU,1652046764,96,71.9667,102.5,-15.21,3.98
5,Nichinan,96,JP,1652046765,88,31.6,131.3667,18.82,1.89
6,Busselton,1,AU,1652046765,83,-33.65,115.3333,13.01,1.34
7,Rocha,0,UY,1652046765,82,-34.4833,-54.3333,14.07,2.42
8,Leningradskiy,100,RU,1652046766,91,69.3833,178.4167,-3.19,3.74
9,Sioux Lookout,100,CA,1652046766,100,50.1001,-91.917,7.04,3.09
10,Hermanus,98,ZA,1652046767,76,-34.4187,19.2345,14.54,1.47
11,Henties Bay,0,NA,1652046767,67,-22.116,14.2845,15.7,2.65
12,Ribeira Grande,27,PT,1652046767,79,38.5167,-28.7,17.19,2.61
13,Klaksvík,100,FO,1652046768,98,62.2266,-6.589,9.51,9.15
14,Tura,9,IN,1652046768,87,25.5198,90.2201,21.49,1.93
15,Saldanha,100,ZA,1652046769,88,-33.0117,17.9442,11.03,3.42
16,Ushuaia,40,AR,1652046540,75,-54.8,-68.3,5.81,12.86
17,Saint-Joseph,16,RE,1652046769,82,-21.3667,55.6167,21.21,3.56
18,Mossamedes,0,AO,1652046770,61,-15.1961,12.1522,23.02,3.68
19,Praia,75,CV,1652046770,73,14.9215,-23.5087,22.3,7.72
20,Yellowknife,100,CA,1652046770,93,62.456,-114.3525,-3.71,12.35
21,Bathsheba,20,BB,1652046771,74,13.2167,-59.5167,28.34,7.2
22,Souillac,20,MU,1652046683,94,-20.5167,57.5167,22.21,1.54
23,Chokurdakh,61,RU,1652046771,86,70.6333,147.9167,-8.65,3.97
24,Goderich,11,CA,1652046407,41,43.7501,-81.7165,14.18,5.14
25,Hilo,100,US,1652046772,84,19.7297,-155.09,33.49,6.69
26,Westport,100,US,1652046772,34,41.1415,-73.3579,15.15,3.58
27,Dikson,100,RU,1652046773,95,73.5069,80.5464,-2.89,11.94
28,Yulara,100,AU,1652046773,43,-25.2406,130.9889,9.91,3.09
29,Atasū,63,KZ,1652046773,35,48.6814,71.6433,6.89,7.37
30,Bluff,100,NZ,1652046545,89,-46.6,168.3333,10.45,1.27
31,Kudahuvadhoo,100,MV,1652046774,78,2.6708,72.8944,28.91,8.49
32,Cabo San Lucas,96,MX,1652046569,54,22.8909,-109.9124,30.9,6.86
33,Kumul,6,CN,1652046774,31,42.8,93.45,19.12,3.04
34,Mataura,99,NZ,1652046775,93,-46.1927,168.8643,10.27,0.14
35,Aklavik,26,CA,1652046775,67,68.2191,-135.0107,6.11,3.73
36,Hobyo,100,SO,1652046776,83,5.3505,48.5268,28.33,7.29
37,Arraial do Cabo,75,BR,1652046595,64,-22.9661,-42.0278,23.92,2.57
38,Upernavik,60,GL,1652046776,83,72.7868,-56.1549,-8.6,2.62
39,Acapulco de Juárez,37,MX,1652046776,59,16.8634,-99.8901,29.85,4.73
40,Laas,99,IT,1652046777,96,46.6166,10.7002,12.49,0.52
41,Pacific Grove,75,US,1652046777,73,36.6177,-121.9166,16.97,6.69
42,Saint George,0,US,1652046661,11,37.1041,-113.5841,29.24,16.46
43,Aksarka,100,RU,1652046778,100,66.5606,67.7975,2.19,4.71
44,Barrow,75,US,1652046601,86,71.2906,-156.7887,-1.99,6.17
45,Tapes,0,BR,1652046778,84,-30.6733,-51.3958,16.75,3.26
46,La Ronge,75,CA,1652046779,30,55.1001,-105.2842,13.14,7.72
47,Puerto Ayora,51,EC,1652046538,79,-0.7393,-90.3518,25.98,4.22
48,Mahébourg,20,MU,1652046779,94,-20.4081,57.7,22.36,1.54
49,Kirkenær,66,NO,1652046780,42,60.4564,12.0582,5.24,2.46
50,Florianópolis,0,BR,1652046780,64,-27.6146,-48.5012,19.57,2.06
51,Prince Rupert,0,CA,1652046308,70,54.3161,-130.3201,11.05,7.72
52,Lorengau,59,PG,1652046780,71,-2.0226,147.2712,29.25,7.49
53,Albany,100,US,1652046678,29,42.6001,-73.9662,17.71,0.45
54,Namatanai,98,PG,1652046781,75,-3.6667,152.4333,28.48,5.65
55,Bayir,67,TR,1652046781,63,37.2687,28.2167,12.29,1.24
56,Camalú,1,MX,1652046782,59,30.85,-116.0667,17.63,8.44
57,Northam,37,GB,1652046782,75,51.0333,-4.2167,12.44,3.6
58,Butaritari,13,KI,1652046783,79,3.0707,172.7902,27.68,8.19
59,Atuona,1,PF,1652046783,75,-9.8,-139.0333,25.89,6.77
60,Inhambane,0,MZ,1652046784,85,-23.865,35.3833,22.09,3.37
61,Ivanava,91,BY,1652046784,94,52.1451,25.5365,9.36,4.39
62,Pangnirtung,87,CA,1652046784,89,66.1451,-65.7125,-2.76,1.28
63,Marsá Maţrūḩ,0,EG,1652046785,73,31.3525,27.2453,20.11,2.57
64,New Norfolk,36,AU,1652046785,85,-42.7826,147.0587,5.72,1.19
65,Cape Town,0,ZA,1652046786,85,-33.9258,18.4232,14.95,0.89
66,Pustoshka,97,RU,1652046786,61,56.3355,29.369,3.34,2.58
67,Maroantsetra,44,MG,1652046658,89,-15.4333,49.7333,24.02,0.53
68,Erzin,38,TR,1652046787,72,36.9559,36.2,14.84,1.35
69,Mazatlán,81,MX,1652046787,81,23.2167,-106.4167,27.79,2.68
70,Beira,0,MZ,1652046787,94,-19.8436,34.8389,21.05,1.54
71,Berlevåg,75,NO,1652046788,80,70.8578,29.0864,-1.03,6.69
72,Wainwright,95,CA,1652046788,40,52.839,-110.8572,10.76,7.07
73,Schwedt,2,DE,1652046789,91,53.0596,14.2815,8.46,3.03
74,East London,96,ZA,1652046514,75,-33.0153,27.9116,17.32,5.1
75,Mar del Plata,0,AR,1652046789,71,-38.0023,-57.5575,20.53,7.72
76,Broken Hill,0,AU,1652046790,81,-31.95,141.4333,5.84,3.6
77,Khonsa,29,IN,1652046790,95,27.0167,95.5667,17.06,1.92
78,Cap Malheureux,2,MU,1652046790,79,-19.9842,57.6142,22.48,1.34
79,Esim,86,GH,1652046791,82,4.8699,-2.2405,27.26,4.61
80,Três de Maio,0,BR,1652046791,77,-27.7733,-54.24,15.38,3.56
81,Bainbridge Island,90,US,1652046792,65,47.6262,-122.5212,14.65,4.02
82,Kruisfontein,96,ZA,1652046527,67,-34.0033,24.7314,13.01,1.79
83,Tynda,99,RU,1652046792,42,55.1667,124.7167,8.16,1.09
84,Okhotsk,24,RU,1652046792,81,59.3833,143.3,2.26,1.5
85,Kahului,40,US,1652046793,45,20.8947,-156.47,31.01,7.2
86,Arlit,99,NE,1652046793,17,18.7369,7.3853,33.96,1.63
87,Taos,0,US,1652046794,14,36.4072,-105.5731,25.55,12.86
88,Guerrero Negro,0,MX,1652046794,59,27.9769,-114.0611,19.14,9.9
89,Pisco,51,PE,1652046795,68,-13.7,-76.2167,22.03,10.8
90,Pathein,100,MM,1652046795,86,16.7833,94.7333,26.2,2.56
91,Praia,75,CV,1652046795,73,14.9215,-23.5087,22.3,7.72
92,Charlestown,25,AU,1652046516,86,-32.95,151.6667,14.5,0.89
93,Geraldton,40,AU,1652046796,87,-28.7667,114.6,12.23,2.57
94,Río Gallegos,0,AR,1652046796,57,-51.6226,-69.2181,9.03,6.69
95,Avarua,40,CK,1652046797,79,-21.2078,-159.775,30.03,3.6
96,Chenghai,75,CN,1652046797,100,23.4632,116.768,20.95,2.0
97,Hobart,0,AU,1652046030,89,-42.8794,147.3294,5.92,0.51
98,Papara,100,BR,1652046798,94,-3.9839,-38.7273,26.22,0.66
99,Iqaluit,75,CA,1652046563,63,63.7506,-68.5145,-1.15,1.03
100,Muroto-misakicho,97,JP,1652046798,72,33.2833,134.15,18.21,3.87
101,Asău,99,RO,1652046799,86,46.4333,26.4,10.71,0.96
102,Norman Wells,75,CA,1652046799,49,65.282,-126.8329,7.02,3.6
103,Qaanaaq,100,GL,1652046800,81,77.484,-69.3632,-4.22,1.38
104,Beringovskiy,40,RU,1652046800,69,63.05,179.3167,2.07,8.08
105,Naze,98,JP,1652046800,91,28.3667,129.4833,21.51,3.37
106,Ocampo,40,MX,1652046801,11,21.65,-101.5,29.9,6.46
107,Cayenne,20,GF,1652046756,1,4.9333,-52.3333,27.83,2.24
108,Vardø,75,NO,1652046802,74,70.3705,31.1107,-2.01,7.2
109,Port Alfred,99,ZA,1652046802,92,-33.5906,26.891,13.99,0.45
110,Tuatapere,100,NZ,1652046802,87,-46.1333,167.6833,11.87,1.03
111,Tuktoyaktuk,40,CA,1652046803,70,69.4541,-133.0374,5.0,5.14
112,Cidreira,0,BR,1652046803,79,-30.1811,-50.2056,19.31,6.28
113,Marawi,96,PH,1652046804,94,7.9986,124.2928,21.36,0.5
114,Tasiilaq,99,GL,1652046804,69,65.6145,-37.6368,0.81,1.45
115,Tigre,0,AR,1652046805,64,-34.426,-58.5796,20.08,2.06
116,Jatiroto,100,ID,1652046805,92,-7.8833,111.1167,24.2,1.49
117,‘Ewa Beach,100,US,1652046806,57,21.3156,-158.0072,27.77,4.92
118,Hithadhoo,100,MV,1652046806,82,-0.6,73.0833,27.76,10.01
119,Caravelas,100,BR,1652046807,89,-17.7125,-39.2481,22.56,4.1
120,Ponta do Sol,66,PT,1652046807,74,32.6667,-17.1,17.35,3.16
121,Wanning,100,CN,1652046807,88,18.8003,110.3967,24.69,1.5
122,Bredasdorp,100,ZA,1652046808,85,-34.5322,20.0403,12.67,1.75
123,Cravo Norte,71,CO,1652046808,68,6.3017,-70.2041,28.28,1.95
124,Port Keats,0,AU,1652046809,42,-14.25,129.55,21.24,4.53
125,El Retén,29,CO,1652046809,62,10.6114,-74.2682,34.56,4.31
126,Chui,3,UY,1652046809,78,-33.6971,-53.4616,15.12,1.83
127,Meulaboh,100,ID,1652046810,88,4.1363,96.1285,25.07,1.77
128,Samoded,65,RU,1652046810,93,63.6083,40.5111,-1.04,2.26
129,Santiago,100,CL,1652046738,73,-33.4569,-70.6483,17.32,3.09
130,Sabla,99,NG,1652046811,26,12.7525,4.7077,35.24,1.85
131,Altamira,40,BR,1652046811,89,-3.2033,-52.2064,26.05,2.06
132,Bhīnmāl,0,IN,1652046811,48,25.0,72.25,28.25,3.56
133,Pangody,100,RU,1652046812,100,65.85,74.4859,1.37,4.93
134,Dingle,95,PH,1652046812,87,10.9995,122.6711,25.58,3.53
135,Manado,40,ID,1652046813,100,1.487,124.8455,25.43,0.51
136,Troitskoye,98,RU,1652046813,51,52.9821,84.6757,4.13,1.46
137,Frontera,9,MX,1652046813,9,26.9333,-101.45,41.21,2.87
138,Sungai Raya,100,ID,1652046814,88,0.7,108.9,25.54,2.68
139,Vila Franca do Campo,81,PT,1652046814,84,37.7167,-25.4333,17.89,1.12
140,Bengkulu,90,ID,1652046547,82,-3.8004,102.2655,25.0,1.67
141,Bilibino,100,RU,1652046815,81,68.0546,166.4372,-4.56,2.24
142,Atambua,27,ID,1652046815,84,-9.1061,124.8925,22.64,3.78
143,Doka,82,SD,1652046816,39,13.5167,35.7667,31.47,4.27
144,Saint Anthony,100,US,1652046816,64,45.0205,-93.218,15.17,5.04
145,Sitka,30,US,1652046817,61,57.0531,-135.33,11.66,3.14
146,Talnakh,83,RU,1652046817,96,69.4865,88.3972,-11.55,4.27
147,Kapaa,61,US,1652046817,80,22.0752,-159.319,26.99,2.24
148,Puerto Madryn,51,AR,1652046818,35,-42.7692,-65.0385,16.43,4.18
149,Semey,3,KZ,1652046818,34,50.4111,80.2275,6.38,2.1
150,Uvinza,99,TZ,1652046819,88,-5.1036,30.3911,19.76,1.08
151,Bărcăneşti,100,RO,1652046819,67,44.8833,26.05,10.05,1.71
152,Thompson,40,CA,1652046590,44,55.7435,-97.8558,15.09,8.23
153,Punta Arenas,40,CL,1652046754,65,-53.15,-70.9167,7.06,16.46
154,Charagua,49,BO,1652046820,51,-19.8,-63.2167,23.76,4.6
155,Egvekinot,100,RU,1652046820,92,66.3167,-179.1667,-2.15,0.95
156,Sorsk,10,RU,1652046820,52,54.0033,90.2467,-2.99,1.79
157,Soyo,22,AO,1652046821,91,-6.1349,12.3689,25.54,2.3
158,Hambantota,20,LK,1652046821,94,6.1241,81.1185,28.19,3.09
159,Cairns,75,AU,1652046822,97,-16.9167,145.7667,25.04,5.14
160,Vao,97,NC,1652046822,69,-22.6667,167.4833,23.02,5.33
161,Nāwa,0,IN,1652046822,16,27.0167,75.0,28.98,1.74
162,Saint-Philippe,33,RE,1652046823,85,-21.3585,55.7679,21.77,3.57
163,Alappuzha,100,IN,1652046823,80,9.49,76.3264,28.56,4.61
164,Constitución,100,CL,1652046824,92,-35.3333,-72.4167,12.39,2.88
165,Palmer,75,US,1652046824,29,42.1584,-72.3287,14.75,4.63
166,Hualmay,71,PE,1652046824,82,-11.0964,-77.6139,19.83,4.54
167,Cherskiy,100,RU,1652046825,89,68.75,161.3,-3.83,5.79
168,Ghanzi,0,BW,1652046825,34,-21.5667,21.7833,13.0,3.81
169,Fortuna,100,US,1652046826,79,40.5982,-124.1573,10.92,4.12
170,Capinzal,0,BR,1652046826,88,-27.3436,-51.6119,13.74,1.64
171,Dakar,40,SN,1652046787,88,14.6937,-17.4441,22.49,2.06
172,Ulladulla,38,AU,1652046827,81,-35.35,150.4667,14.5,3.25
173,Tarata,5,BO,1652046827,58,-17.6167,-66.0167,19.68,3.52
174,Senanga,56,ZM,1652046679,41,-16.1167,23.2667,19.24,1.67
175,Jamestown,0,US,1652046804,20,42.097,-79.2353,18.8,3.09
176,Diu,1,IN,1652046828,79,20.7141,70.9822,26.85,7.58
177,Chilliwack,100,CA,1652046346,72,49.1747,-121.9443,12.17,2.09
178,Pevek,100,RU,1652046828,85,69.7008,170.3133,-5.15,5.0
179,Saint Paul Harbor,96,US,1652046828,58,57.79,-152.4072,7.36,1.05
180,Airai,51,TL,1652046633,89,-8.9266,125.4092,14.42,1.87
181,Ascension,40,US,1652046753,62,30.2169,-90.9001,34.47,3.09
182,Gamba,82,GA,1652046829,90,-2.65,10.0,25.55,1.7
183,Port Blair,100,IN,1652046829,94,11.6667,92.75,25.02,5.14
184,Hong Kong,100,HK,1652046372,78,22.2855,114.1577,25.21,2.68
185,Neuquén,0,AR,1652046830,40,-38.9516,-68.0591,19.94,3.6
186,Emba,95,KZ,1652046830,37,48.8264,58.1442,11.22,7.62
187,The Hague,20,NL,1652046703,76,52.0767,4.2986,11.64,2.06
188,Ji’an,100,CN,1652046831,96,27.1172,114.9793,21.14,0.69
189,Webuye,96,KE,1652046831,90,0.6075,34.7697,16.45,1.61
190,Coyhaique,7,CL,1652046779,91,-45.5752,-72.0662,9.34,3.34
191,Poum,100,NC,1652046832,62,-20.2333,164.0167,25.09,8.74
192,Kathu,100,TH,1652046832,87,7.9178,98.3332,30.42,2.4
193,Oktyabr'skiy,100,RU,1652046832,52,54.4815,53.471,8.28,0.87
194,San Jerónimo,51,PE,1652046833,62,-11.9472,-75.2829,15.34,2.45
195,Pilar,12,BR,1652046833,89,-9.5972,-35.9567,24.96,1.77
196,Torbay,20,CA,1652046834,71,47.6666,-52.7314,7.38,6.17
197,Jalu,0,LY,1652046834,29,29.0331,21.5482,22.48,5.88
198,Buluang,23,PH,1652046834,90,13.3068,123.3425,24.97,1.09
199,Yumen,72,CN,1652046835,42,40.2833,97.2,14.78,3.62
200,Seoul,0,KR,1652046266,93,37.5683,126.9778,11.69,2.06
201,Macusani,50,PE,1652046835,67,-14.0833,-70.4333,5.76,2.51
202,Polunochnoye,11,RU,1652046836,74,60.8697,60.4153,5.49,1.89
203,Marzuq,54,YE,1652046836,55,14.4,46.4667,24.03,2.08
204,Qasigiannguit,4,GL,1652046836,83,68.8193,-51.1922,-6.0,0.19
205,Walvis Bay,0,NA,1652046837,58,-22.9575,14.5053,14.53,3.09
206,São Gabriel da Cachoeira,63,BR,1652046837,95,-0.1303,-67.0892,24.77,0.76
207,Broome,7,US,1652046838,25,42.2506,-75.833,17.83,2.68
208,Lebu,100,CL,1652046838,97,-37.6167,-73.65,13.16,1.52
209,Yar-Sale,100,RU,1652046839,100,66.8333,70.8333,1.78,4.7
210,Sibut,98,CF,1652046839,90,5.718,19.0739,22.53,0.66
211,Pangkalanbuun,100,ID,1652046839,99,-2.6833,111.6167,23.38,0.63
212,Turochak,10,RU,1652046840,69,52.2576,87.1224,-0.74,1.01
213,Nanortalik,100,GL,1652046840,89,60.1432,-45.2371,2.89,0.2
214,Laguna,20,US,1652046561,36,38.421,-121.4238,19.47,5.14
215,Bambous Virieux,20,MU,1652046841,94,-20.3428,57.7575,22.34,1.54
216,Camacha,20,PT,1652046841,72,33.0833,-16.3333,14.68,3.09
217,Krasnosel'kup,100,RU,1652046842,95,65.7,82.4667,-2.45,5.66
218,Chaman,0,PK,1652046842,14,30.9236,66.4512,24.49,1.26
219,Mitsamiouli,35,KM,1652046842,77,-11.3847,43.2844,27.24,2.48
220,Carnarvon,0,AU,1652046843,94,-24.8667,113.6333,16.04,4.12
221,Hauterive,64,FR,1652046843,86,46.0901,3.4459,16.42,1.09
222,Alofi,89,NU,1652046844,94,-19.0595,-169.9187,23.94,4.12
223,Viedma,100,AR,1652046627,40,-40.8135,-62.9967,17.48,6.22
224,Sobolevo,100,RU,1652046844,79,54.4299,31.8996,5.4,3.27
225,Severo-Kuril'sk,100,RU,1652046845,95,50.6789,156.125,3.65,7.7
226,Margate,6,GB,1652046845,81,51.3813,1.3862,9.61,1.34
227,Lata,6,PT,1652046846,76,40.1629,-8.3327,14.47,0.41
228,Kysyl-Syr,82,RU,1652046846,91,63.8986,122.7617,0.43,4.37
229,Whittlesea,50,ZA,1652046846,92,-32.1759,26.8244,7.19,1.37
230,Yaan,95,NG,1652046847,71,7.3833,8.5667,27.98,4.37
231,Nikolskoye,49,RU,1652046847,87,59.7035,30.7861,4.84,2.47
232,Abu Samrah,8,SY,1652046848,55,35.3029,37.1841,15.92,1.96
233,Chulym,6,RU,1652046848,85,55.0997,80.9572,2.31,0.91
234,Deputatsky,100,RU,1652046848,94,69.3,139.9,-8.55,1.96
235,Gambēla,93,ET,1652046849,68,8.25,34.5833,25.75,1.76
236,Kresttsy,39,RU,1652046849,89,58.2452,32.5165,2.55,2.11
237,Port Elizabeth,100,ZA,1652046850,97,-33.918,25.5701,16.29,3.6
238,Sorong,100,ID,1652046850,87,-0.8833,131.25,26.47,2.32
239,Port-Gentil,40,GA,1652046851,83,-0.7193,8.7815,27.98,3.09
240,São Filipe,0,CV,1652046851,74,14.8961,-24.4956,23.15,6.36
241,Gizo Government Station,90,SB,1652046851,75,-8.103,156.8419,28.72,3.33
242,Uptar,67,RU,1652046852,66,59.75,150.9167,0.46,2.09
243,Kytmanovo,100,RU,1652046852,45,53.4593,85.4479,3.49,1.78
244,Mitchell,0,US,1652046726,48,43.7094,-98.0298,25.06,3.09
245,Umm Kaddadah,56,SD,1652046853,7,13.6017,26.6876,28.18,5.69
246,Kavieng,97,PG,1652046853,66,-2.5744,150.7967,29.34,8.22
247,Isangel,75,VU,1652046767,78,-19.55,169.2667,25.06,2.06
248,Haines Junction,11,CA,1652046854,91,60.7522,-137.5108,6.01,0.28
249,Narsaq,86,GL,1652046854,77,60.9167,-46.05,4.14,1.65
250,Totness,88,SR,1652046855,84,5.8833,-56.3167,26.06,5.6
251,Fort Smith,57,US,1652046806,53,35.3859,-94.3986,32.43,4.02
252,Almaznyy,96,RU,1652046855,55,48.0448,40.045,8.58,2.34
253,Syedove,25,UA,1652046856,57,47.0768,38.156,12.39,3.8
254,Turaif,0,SA,1652046856,36,31.6725,38.6637,16.14,2.06
255,Cam Ranh,40,VN,1652046857,89,11.9214,109.1591,25.98,1.03
256,Savinskiy,80,RU,1652046857,90,62.9342,40.1361,0.13,1.79
257,Tiksi,74,RU,1652046857,94,71.6872,128.8694,-13.33,1.87
258,Epe,15,NG,1652046858,87,6.5841,3.9834,26.94,2.96
259,Ayagoz,4,KZ,1652046858,36,47.9714,80.4392,3.68,7.8
260,Tutóia,100,BR,1652046859,91,-2.7619,-42.2744,25.29,3.79
261,Volga,100,RU,1652046859,93,57.9516,38.3879,5.31,2.44
262,Port-de-Bouc,0,FR,1652046859,94,43.4,4.9833,16.12,2.06
263,Sørland,100,NO,1652046860,92,67.667,12.6934,3.92,7.75
264,Kargasok,14,RU,1652046860,64,59.0556,80.8572,-0.14,1.57
265,Katsuura,100,JP,1652046861,69,35.1333,140.3,16.85,6.03
266,Provideniya,84,RU,1652046861,95,64.3833,-173.3,0.64,4.74
267,Portland,100,US,1652046636,83,45.5234,-122.6762,9.99,1.54
268,Saint-Augustin,96,CA,1652046645,54,51.226,-58.6502,6.88,4.3
269,Linkou,0,CN,1652046862,46,45.3,130.2833,9.38,1.89
270,Mogzon,100,RU,1652046862,95,51.7435,111.9606,2.18,4.43
271,Plettenberg Bay,67,ZA,1652046863,72,-34.0527,23.3716,13.82,1.27
272,Homer,93,US,1652046863,70,59.6425,-151.5483,7.65,5.81
273,Matara,91,LK,1652046864,88,5.9485,80.5353,27.18,6.15
274,Puqi,99,CN,1652046864,96,29.7167,113.8833,19.96,1.75
275,Rome,0,US,1652046673,20,43.2128,-75.4557,19.08,3.6
276,Yazman,0,PK,1652046865,16,29.1212,71.7446,33.41,5.97
277,Tokur,27,RU,1652046865,74,53.1333,132.9,2.44,1.38
278,Noumea,100,NC,1652046557,99,-22.2763,166.4572,24.44,4.0
279,Ürümqi,0,CN,1652046866,30,43.801,87.6005,12.53,2.0
280,Zhigansk,100,RU,1652046866,93,66.7697,123.3711,-7.4,11.26
281,Mount Isa,100,AU,1652046867,68,-20.7333,139.5,20.87,2.57
282,Mezhdurechensk,77,RU,1652046867,60,53.6942,88.0603,0.64,1.14
283,Itarema,100,BR,1652046868,90,-2.9248,-39.9167,25.12,4.19
284,Ilulissat,3,GL,1652046868,83,69.2167,-51.1,-5.79,0.86
285,Panalingaan,100,PH,1652046868,83,8.7842,117.4231,26.16,1.01
286,Nizhniy Odes,45,RU,1652046869,73,63.6445,54.856,7.49,4.63
287,Tagāb,0,AF,1652046869,27,34.855,69.6492,22.28,2.57
288,Yilan,100,TW,1652046870,99,24.757,121.753,25.2,1.2
289,Kloulklubed,100,PW,1652046870,83,7.0419,134.2556,27.67,8.48
290,Falmouth,59,GB,1652046871,92,50.1544,-5.0711,11.5,4.08
291,Saint-Louis,22,SN,1652046871,33,16.3333,-15.0,32.8,4.32
292,Esperance,1,AU,1652046871,48,-33.8667,121.9,12.91,3.86
293,Umluj,63,SA,1652046872,41,25.0213,37.2685,27.04,3.38
294,Togitsu,0,JP,1652046872,77,32.8333,129.85,16.99,4.63
295,Belmonte,95,BR,1652046873,85,-15.8631,-38.8828,24.02,4.07
296,Lompoc,0,US,1652046873,59,34.6391,-120.4579,21.98,14.75
297,Alvarães,75,BR,1652046873,95,-3.2208,-64.8042,32.93,1.09
298,Sisimiut,0,GL,1652046874,65,66.9395,-53.6735,1.24,5.11
299,Deep River,0,CA,1652046874,32,46.1001,-77.4995,19.41,3.16
300,Saskylakh,95,RU,1652046875,94,71.9167,114.0833,-12.46,6.11
301,Passagem Franca,93,BR,1652046875,72,-6.1797,-43.7836,24.73,0.96
302,Upata,95,VE,1652046875,91,8.0086,-62.3989,22.33,2.3
303,Port Moresby,20,PG,1652046655,100,-9.4431,147.1797,24.68,1.54
304,High Prairie,100,CA,1652046426,91,55.4334,-116.4858,2.57,7.16
305,Saint-Leu,0,RE,1652046876,73,-21.15,55.2833,21.84,1.61
306,Kashima,66,JP,1652046876,75,33.1061,130.0906,18.22,2.59
307,Faanui,0,PF,1652046877,75,-16.4833,-151.75,27.84,5.64
308,Atar,83,MR,1652046877,16,20.5169,-13.0499,34.7,4.89
309,Juneau,31,US,1652046809,100,58.3019,-134.4197,12.28,2.84
310,Longyearbyen,40,SJ,1652046878,57,78.2186,15.6401,-9.09,8.75
311,Houston,0,US,1652046133,61,29.7633,-95.3633,35.23,5.66
312,Ostrovnoy,29,RU,1652046878,79,68.0531,39.5131,-3.2,3.57
313,Coolum Beach,100,AU,1652046879,99,-26.5333,153.1,19.08,6.9
314,São João da Barra,11,BR,1652046721,78,-21.6403,-41.0511,23.05,5.73
315,Menongue,68,AO,1652046879,62,-14.6585,17.691,18.95,0.89
316,Zverinogolovskoye,40,RU,1652046880,31,54.4586,64.8542,9.96,1.85
317,North Platte,19,US,1652046880,36,41.1239,-100.7654,26.18,3.58
318,Hasaki,100,JP,1652046639,54,35.7333,140.8333,16.22,5.24
319,Toora-Khem,48,RU,1652046881,80,52.4675,96.11,-3.85,1.54
320,At-Bashi,0,KG,1652046881,40,41.1702,75.8106,13.55,2.32
321,Lola,100,GN,1652046881,98,7.8,-8.5333,22.34,1.51
322,Hirado,42,JP,1652046882,69,33.3597,129.5531,17.44,10.19
323,Youghal,99,IE,1652046882,100,51.95,-7.8506,12.27,5.63
324,Cabedelo,99,BR,1652046883,78,-6.9811,-34.8339,26.37,6.21
325,Beloha,33,MG,1652046883,80,-25.1667,45.05,21.7,0.56
326,Madimba,58,TZ,1652046883,90,-10.4,40.3333,23.52,3.65
327,Rolla,39,US,1652046884,67,37.9514,-91.7713,25.4,6.48
328,Brae,100,GB,1652046884,88,60.3964,-1.353,8.51,7.94
329,Turdaş,95,RO,1652046885,70,45.85,23.1167,12.14,0.9
330,Carlsbad,100,US,1652046885,67,33.1581,-117.3506,22.48,6.69
331,Grindavik,100,IS,1652046885,93,63.8424,-22.4338,9.97,8.75
332,Abilene,0,US,1652046647,11,32.4487,-99.7331,41.16,8.23
333,Anloga,42,GH,1652046886,81,5.7947,0.8973,28.31,6.37
334,Barranquilla,20,CO,1652046697,70,10.9639,-74.7964,30.88,4.63
335,Concepción del Oro,6,MX,1652046886,7,24.6333,-101.4167,30.76,4.79
336,Beisfjord,100,NO,1652046887,98,68.3751,17.5988,2.8,2.15
337,Kokopo,91,PG,1652046887,75,-4.352,152.2633,27.38,0.46
338,Tawao,100,MY,1652046888,94,4.2498,117.8871,26.07,2.88
339,Katherine,2,AU,1652046888,42,-14.4667,132.2667,20.18,3.6
340,Pilot Butte,75,CA,1652046888,34,50.4668,-104.4178,17.79,4.63
341,Nuuk,51,GL,1652046889,86,64.1835,-51.7216,0.49,5.81
342,Matagami,0,CA,1652046889,14,49.7502,-77.6328,20.06,5.66
343,Malino,20,PH,1652046890,73,15.1257,120.6727,26.68,1.03
344,College,75,US,1652046679,58,64.8569,-147.8028,7.38,5.66
345,Zelenoborskiy,89,RU,1652046890,90,66.845,32.3622,-1.7,1.77
346,Brownfield,0,US,1652046891,4,33.1812,-102.2744,37.19,10.54
347,Fairbanks,100,US,1652046891,57,64.8378,-147.7164,7.39,5.66
348,Winslow,0,US,1652046891,6,35.0242,-110.6974,28.1,14.92
349,Mastic Beach,100,US,1652046892,46,40.7668,-72.8521,13.32,5.81
350,Mariana,38,BR,1652046892,94,-20.3778,-43.4161,16.18,0.88
351,Fatehābād,0,IN,1652046893,17,29.5167,75.45,31.18,4.14
352,Perry Hall,100,US,1652046893,68,39.4126,-76.4636,12.56,4.02
353,Santa Isabel Rio Negro,42,BR,1652046893,95,-0.4139,-65.0192,24.59,1.31
354,Ciudad Real,29,ES,1652046894,43,39.0,-4.0,19.5,0.82
355,Kensington,75,AU,1652046894,84,-33.9167,151.2167,15.63,6.17
356,Hanmer Springs,100,NZ,1652046895,85,-42.5167,172.8167,14.1,1.34
357,Yagodnoye,32,RU,1652046895,78,62.55,149.6667,-3.22,1.48
358,San Patricio,1,US,1652046896,55,28.017,-97.5169,33.43,9.13
359,Belen,73,TR,1652046896,84,36.4891,36.2233,11.63,1.85
360,Talara,0,PE,1652046896,64,-4.5772,-81.2719,24.42,9.77
361,Paamiut,100,GL,1652046897,88,61.994,-49.6678,0.57,8.63
362,Kaitangata,89,NZ,1652046897,91,-46.2817,169.8464,11.49,1.02
363,San Cristobal,85,VE,1652046786,73,7.7669,-72.225,27.1,2.25
364,Port Lincoln,98,AU,1652046898,75,-34.7333,135.8667,14.27,3.44
365,Acurenam,100,GQ,1652046898,97,1.0322,10.6488,20.89,0.61
366,Urengoy,100,RU,1652046899,98,65.9667,78.3667,0.76,5.6
367,Maragogi,18,BR,1652046824,84,-9.0122,-35.2225,24.65,3.84
368,Bud,72,US,1652046899,42,39.447,-86.1758,21.92,5.34
369,Concordia,0,AR,1652046667,78,-31.393,-58.0209,22.04,1.54
370,Labuhan,98,ID,1652046900,88,-6.8844,112.2051,25.93,1.64
371,Shelburne,16,CA,1652046900,29,44.0787,-80.2041,16.44,4.2
372,Kajaani,0,FI,1652046900,69,64.2273,27.7285,-0.97,1.54
373,Hokitika,71,NZ,1652046901,83,-42.7167,170.9667,15.37,1.18
374,Codrington,61,AU,1652046901,90,-38.2667,141.9667,8.11,2.89
375,Bixby,40,US,1652046726,58,35.942,-95.8833,32.82,7.72
376,Qui Nhon,100,VN,1652046608,88,13.7667,109.2333,25.04,2.47
377,Vestmanna,100,FO,1652046902,100,62.1564,-7.1664,8.51,5.14
378,Valley City,40,US,1652046902,72,46.9233,-98.0032,18.29,2.06
379,Karlovo,98,BG,1652046903,79,42.6333,24.8,11.43,0.88
380,Burnie,59,AU,1652046903,73,-41.0667,145.9167,9.47,1.34
381,Mount Gambier,100,AU,1652046904,100,-37.8333,140.7667,6.95,2.06
382,San Rafael,17,AR,1652046904,27,-34.6177,-68.3301,19.83,6.55
383,Hofn,100,IS,1652046905,99,64.2539,-15.2082,7.96,3.53
384,Kisangani,81,CD,1652046906,97,0.5167,25.2,21.08,1.35
385,Knysna,64,ZA,1652046906,77,-34.0363,23.0471,13.44,1.93
386,Barabai,100,ID,1652046907,100,-2.5833,115.3833,24.05,0.71
387,Lavrentiya,100,RU,1652046907,92,65.5833,-171.0,0.71,2.47
388,Rokytne,86,UA,1652046908,92,51.2796,27.214,11.9,2.22
389,Rio Grande,0,BR,1652046908,84,-32.035,-52.0986,18.06,4.23
390,Chimbote,99,PE,1652046298,85,-9.0853,-78.5783,19.1,4.26
391,Villa Unión,83,MX,1652046909,79,23.2,-106.2333,27.79,3.88
392,Veseloyarsk,6,RU,1652046909,38,51.2836,81.1056,5.1,0.83
393,Kongolo,100,CD,1652046910,92,-5.3833,27.0,21.44,0.81
394,Roura,20,GF,1652046910,78,4.7263,-52.3274,27.76,2.06
395,Emerald,100,AU,1652046910,82,-23.5333,148.1667,16.08,5.66
396,George Town,20,MY,1652046292,93,5.4112,100.3354,27.96,2.57
397,Ilhabela,75,BR,1652046911,86,-23.7781,-45.3581,20.91,3.1
398,Russell,20,US,1652046911,41,32.3502,-85.1999,27.2,2.57
399,Tignère,11,CM,1652046912,67,7.3667,12.65,22.18,1.3
400,Arica,0,CL,1652046912,60,-18.475,-70.3042,22.75,6.17
401,Macouria,20,GF,1652046913,1,4.9167,-52.3667,27.77,2.24
402,Kamaishi,100,JP,1652046913,67,39.2667,141.8833,10.88,2.81
403,Hamilton,0,US,1652046301,47,39.1834,-84.5333,22.08,4.12
404,Atbasar,46,KZ,1652046914,44,51.8,68.3333,7.82,4.55
405,Gornyak,3,RU,1652046914,36,50.9942,81.4661,4.97,1.23
406,Nelson Bay,0,AU,1652046914,87,-32.7167,152.15,11.16,3.08
407,Chiredzi,28,ZW,1652046915,72,-21.05,31.6667,19.94,1.46
408,Antofagasta,3,CL,1652046800,84,-23.65,-70.4,17.6,3.57
409,Srednekolymsk,37,RU,1652046915,87,67.45,153.6833,0.3,3.72
410,Tuntum,94,BR,1652046916,72,-5.2581,-44.6489,25.17,0.68
411,Clyde River,100,CA,1652046916,86,70.4692,-68.5914,-1.87,0.0
412,Roald,75,NO,1652046917,71,62.5833,6.1333,10.51,6.17
413,Muriwai Beach,100,NZ,1652046917,89,-36.8167,174.45,18.26,4.83
414,Skibbereen,95,IE,1652046917,95,51.55,-9.2667,12.84,5.18
415,Östersund,0,SE,1652046748,70,63.1792,14.6357,3.25,1.54
416,North Bend,75,US,1652046918,84,43.4065,-124.2243,10.51,6.69
417,Saint-François,0,FR,1652046918,76,46.4154,3.9054,13.71,2.06
418,Vostok,83,RU,1652046919,71,46.4856,135.8833,4.78,2.14
419,Riyadh,0,SA,1652046846,23,24.6877,46.7219,25.08,4.2
420,Salalah,20,OM,1652046919,81,17.0151,54.0924,25.96,1.62
421,Rapid Valley,40,US,1652046919,26,44.0625,-103.1463,21.54,10.73
422,Cabra,99,ES,1652046920,51,37.4725,-4.4421,19.81,1.52
423,Riverside,2,US,1652046920,25,33.7333,-116.0508,29.49,7.02
424,Mwense,39,ZM,1652046921,64,-10.3845,28.698,20.5,2.11
425,Port Macquarie,0,AU,1652046635,69,-31.4333,152.9167,11.05,2.27
426,Huarmey,93,PE,1652046921,80,-10.0681,-78.1522,20.37,4.22
427,Flinders,94,AU,1652046922,87,-34.5833,150.8552,14.6,2.24
428,Curup,96,ID,1652046922,92,-3.4667,102.5333,20.6,0.34
429,Khuzhir,100,RU,1652046923,68,53.1939,107.3397,-0.33,6.16
430,Bonthe,100,SL,1652046923,84,7.5264,-12.505,25.79,2.39
431,Doha,0,QA,1652046657,32,25.2867,51.5333,28.99,7.72
432,Beyneu,100,KZ,1652046924,70,45.3167,55.2,17.29,3.65
433,Comodoro Rivadavia,20,AR,1652046667,27,-45.8667,-67.5,16.92,6.69
434,Ancud,49,CL,1652046924,87,-41.8697,-73.8203,10.84,1.74
435,Zhangye,50,CN,1652046925,36,38.9342,100.4517,15.14,3.15
436,Galway,100,IE,1652046925,90,53.2719,-9.0489,12.37,4.67
437,Tautira,58,PF,1652046926,79,-17.7333,-149.15,27.11,4.85
438,Reconquista,39,AR,1652046926,62,-29.15,-59.65,17.17,2.12
439,Nenagh,99,IE,1652046926,93,52.8619,-8.1967,12.53,4.27
440,Ennis,100,IE,1652046927,82,52.8436,-8.9864,12.96,5.14
441,Davila,93,PH,1652046927,73,18.4726,120.5763,25.99,3.12
442,Timrå,20,SE,1652046928,75,62.487,17.3257,2.82,1.03
443,Nova Gradiška,97,HR,1652046928,88,45.255,17.3831,14.94,1.23
444,Moerai,23,PF,1652046929,71,-22.4333,-151.3333,25.78,5.17
445,Buin,46,CL,1652046929,64,-33.7333,-70.75,17.81,1.63
446,Eureka,100,US,1652046930,75,40.8021,-124.1637,11.07,3.58
447,Lüderitz,60,NA,1652046930,42,-26.6481,15.1594,16.1,4.06
448,Hukuntsi,0,BW,1652046930,31,-24.0,21.75,10.75,3.63
449,Port Said,0,EG,1652046931,73,31.2565,32.2841,19.99,6.17
450,Birjand,51,IR,1652046931,34,32.8663,59.2211,21.04,1.87
451,Guadalupe y Calvo,47,MX,1652046932,14,26.1,-106.9667,23.79,6.37
452,Touros,100,BR,1652046932,84,-5.1989,-35.4608,26.19,6.15
453,Garoowe,85,SO,1652046932,65,8.4054,48.4845,27.88,5.31
454,Stykkisholmur,100,IS,1652046933,92,65.0757,-22.7297,5.97,4.67
455,Qaqortoq,91,GL,1652046933,80,60.7167,-46.0333,3.33,1.97
456,Lerwick,100,GB,1652046934,88,60.1545,-1.1494,9.0,9.59
457,Iskateley,100,RU,1652046934,94,67.6803,53.1512,-2.06,2.93
458,Richards Bay,97,ZA,1652046934,89,-28.783,32.0377,18.5,4.59
459,Old Shinyanga,88,TZ,1652046935,55,-3.55,33.4,22.51,0.87
460,Puerto Escondido,84,MX,1652046935,54,15.85,-97.0667,31.01,3.46
461,Cockburn Town,40,TC,1652046674,69,21.4612,-71.1419,27.98,2.57
462,Pacaembu,0,BR,1652046936,65,-21.5622,-51.2606,20.59,3.86
463,Eyrarbakki,100,IS,1652046936,88,63.863,-21.1481,10.03,6.36
464,Ucluelet,51,CA,1652046904,73,48.9329,-125.5528,12.27,1.79
465,Flagstaff,0,US,1652046937,16,35.1981,-111.6513,21.17,17.49
466,Bandarbeyla,14,SO,1652046937,83,9.4942,50.8122,28.04,3.89
467,Sabang,100,ID,1652046937,74,5.8933,95.3214,28.15,2.88
468,Plaridel,54,PH,1652046938,79,14.8872,120.8572,28.38,2.17
469,Nambucca Heads,5,AU,1652046938,69,-30.65,153.0,15.0,2.88
470,Upington,0,ZA,1652046939,66,-28.4478,21.2561,9.21,0.51
471,Saryagash,0,KZ,1652046939,69,41.4511,69.1701,21.8,2.98
472,Los Llanos de Aridane,0,ES,1652046939,77,28.6585,-17.9182,16.86,5.14
473,Nakhon Phanom,92,TH,1652046940,72,17.3333,104.4167,24.74,1.89
474,Raduzhny,97,RU,1652046940,93,62.0961,77.475,-1.24,2.13
475,Kwang Binh,97,VN,1652046941,92,17.4833,106.6,24.37,0.83
476,Aswān,0,EG,1652046941,14,24.0934,32.907,29.61,2.06
477,Fairview,75,US,1652046389,36,40.8126,-73.999,15.59,7.2
478,Fort Nelson,100,CA,1652046942,80,58.8053,-122.7002,1.77,8.23
479,Huilong,5,CN,1652046942,70,31.8111,121.655,16.07,5.43
480,Poya,99,NC,1652046942,60,-21.35,165.15,24.04,3.49
481,Abū Zabad,100,SD,1652046943,6,12.35,29.25,30.56,4.57
482,Chaykovskaya,8,RU,1652046943,74,58.1279,55.5378,3.94,2.01
483,Lagoa,52,PT,1652046943,83,39.05,-27.9833,16.39,4.39
484,Rawson,35,AR,1652046944,37,-43.3002,-65.1023,15.9,4.31
485,Bethel,100,US,1652046944,42,41.3712,-73.414,14.46,1.34
486,Payakumbuh,88,ID,1652046945,95,-0.2202,100.6308,20.81,1.38
487,Mazara del Vallo,27,IT,1652046945,92,37.6641,12.588,14.96,3.78
488,Dubai,0,AE,1652046334,43,25.2582,55.3047,31.96,2.06
489,Myitkyina,30,MM,1652046946,99,25.3833,97.4,21.17,0.57
490,Ambulu,94,ID,1652046946,90,-8.345,113.6058,24.48,1.28
491,Riosucio,98,CO,1652046946,84,5.4216,-75.7032,20.48,1.24
492,Muzhi,84,RU,1652046947,94,65.3667,64.6667,2.73,3.45
493,Muhos,14,FI,1652046947,76,64.808,25.9931,1.88,2.18
494,Okha,100,RU,1652046948,99,53.5739,142.9478,-0.21,5.89
495,Amuntai,100,ID,1652046948,100,-2.4177,115.2494,23.85,1.17
496,Fernie,100,CA,1652046392,87,49.5,-115.0687,10.05,2.5
497,Pochutla,58,MX,1652046949,46,15.7432,-96.4661,32.68,3.92
498,Aksu,0,CN,1652046949,31,41.1231,80.2644,21.3,1.67
499,Rāpar,0,IN,1652046949,65,23.5667,70.6333,27.4,7.36
500,Yamada,100,JP,1652046950,64,39.4667,141.95,11.2,2.26
501,Ust'-Ishim,74,RU,1652046950,70,57.6935,71.1665,7.81,1.35
502,Drumheller,73,CA,1652046373,54,51.4617,-112.7101,14.01,4.63
503,General Pico,100,AR,1652046951,50,-35.6566,-63.7568,20.29,2.3
504,Benguela,4,AO,1652046951,81,-12.5763,13.4055,23.74,0.37
505,Mol,4,BE,1652046951,74,51.192,5.1145,12.08,3.0
506,Gilgit,0,PK,1652046952,34,35.9221,74.3087,21.27,1.56
507,Lagos,21,NG,1652046564,85,6.5833,3.75,27.29,3.17
508,Meadow Lake,5,US,1652046463,11,34.8014,-106.5436,31.86,13.68
509,Vestmannaeyjar,100,IS,1652046953,94,63.4427,-20.2734,8.76,11.34
510,Snezhnogorsk,99,RU,1652046953,78,69.1933,33.2531,-1.12,2.68
511,Cascais,9,PT,1652046953,72,38.6979,-9.4215,20.92,5.59
512,Ust'-Ilimsk,17,RU,1652046954,70,58.0006,102.6619,-2.99,3.83
513,Mayo,100,US,1652046954,50,38.8876,-76.5119,13.09,3.6
514,Dargaville,90,NZ,1652046954,74,-35.9333,173.8833,17.93,3.74
515,Kunštát,27,CZ,1652046797,88,49.5065,16.5172,14.57,2.11
516,Jumla,6,NP,1652046955,83,29.2747,82.1838,10.29,1.77
517,Morozovsk,31,RU,1652046955,54,48.3539,41.8261,7.06,3.35
518,Udachny,88,RU,1652046956,91,66.4167,112.4,-11.34,4.17
519,Yanam,77,IN,1652046956,82,16.7333,82.2167,26.96,2.32
520,Ledyard Center,0,US,1652046957,35,41.4398,-72.0142,13.5,12.35
521,Mandurah,11,AU,1652046957,84,-32.55,115.7,14.94,2.56
522,Ciénaga,75,CO,1652046957,66,11.007,-74.2476,34.68,4.12
523,Nome,100,US,1652046833,93,64.5011,-165.4064,0.09,9.26
524,Champerico,67,GT,1652046958,67,14.3,-91.9167,30.3,4.42
525,Mīnāb,0,IR,1652046958,37,27.1467,57.0801,29.79,2.7
526,Dicabisagan,38,PH,1652046959,83,17.0818,122.4157,25.99,1.12
527,Dunedin,100,NZ,1652046959,85,-45.8742,170.5036,13.22,0.45
528,Crotone,87,IT,1652046959,81,39.0851,17.1178,15.11,0.25
529,Mana,51,GF,1652046960,85,5.6592,-53.7767,25.58,3.67
530,Tual,100,ID,1652046960,76,-5.6667,132.75,29.06,5.15
531,Diamantino,16,BR,1652046961,52,-14.4086,-56.4461,24.29,1.87
532,Aasiaat,6,GL,1652046961,86,68.7098,-52.8699,-4.57,2.85
533,Balkanabat,76,TM,1652046961,74,39.5108,54.3671,15.22,6.85
534,Luganville,81,VU,1652046962,70,-15.5333,167.1667,26.47,6.14
535,Mpulungu,68,ZM,1652046962,72,-8.7623,31.1141,22.56,2.51
536,Winnemucca,75,US,1652046963,31,40.973,-117.7357,9.03,6.69
537,Faya,0,SA,1652046963,56,18.3851,42.4509,19.29,0.44
538,Wajima,100,JP,1652046963,60,37.4,136.9,12.71,4.4
539,Sept-Îles,20,CA,1652046730,37,50.2001,-66.3821,9.29,7.2
540,Nagorsk,25,RU,1652046964,72,59.3172,50.8078,8.19,4.08
541,Garden City,61,US,1652046858,32,42.3256,-83.331,18.35,0.45
542,Kautokeino,95,NO,1652046964,89,69.0125,23.0412,-2.0,3.2
543,Nyurba,100,RU,1652046672,93,63.2842,118.3319,0.25,3.6
544,Balkhash,37,KZ,1652046965,33,46.844,74.9804,10.15,11.56
545,Nador,0,MA,1652046965,77,35.174,-2.9287,17.14,1.03
546,Dunda,100,TZ,1652046966,84,-8.1167,34.25,16.51,1.78
547,Cantagallo,24,CO,1652046966,68,7.376,-73.9196,34.32,1.29
548,Somerset,98,US,1652046967,39,40.5668,-74.5496,16.45,2.24
549,Haimen,100,CN,1652046967,85,23.1935,116.6142,20.94,2.68
550,Kiama,96,AU,1652046968,89,-34.6833,150.8667,14.71,2.24
551,Makokou,100,GA,1652046968,97,0.5738,12.8642,21.7,0.35
552,Ogaminana,81,NG,1652046968,76,7.5946,6.2248,26.66,4.15
553,Karratha,100,AU,1652046969,36,-20.7377,116.8463,24.01,5.93
554,Solton,99,RU,1652046969,52,52.8429,86.4787,0.92,1.62
555,Novopavlovka,100,RU,1652046970,74,51.2172,109.2091,1.72,5.41
556,Grimma,15,DE,1652046970,68,51.2333,12.7167,11.61,2.99
557,Carutapera,99,BR,1652046971,96,-1.195,-46.02,23.66,0.95
558,La Presa,75,US,1652046971,65,32.7081,-116.9973,22.24,7.72
559,Zuwārah,1,LY,1652046971,70,32.9312,12.082,17.61,3.46
560,Bariloche,20,AR,1652046972,54,-41.1456,-71.3082,10.86,9.26
561,Togur,6,RU,1652046972,58,58.3631,82.8265,-0.57,1.56
562,Sovetskiy,10,RU,1652046973,79,61.3614,63.5842,6.79,2.54
563,Lufilufi,98,WS,1652046973,71,-13.8745,-171.5986,29.88,3.97
564,Camopi,92,GF,1652046974,96,3.1655,-52.3158,23.12,0.93
565,Eyl,50,SO,1652046974,79,7.9803,49.8164,28.44,3.75
566,Jiujiang,100,CN,1652046974,85,29.7333,115.9833,20.22,4.54
567,Kavarskas,5,LT,1652046975,61,55.4333,24.9167,2.39,3.67
568,Caniço,20,PT,1652046975,71,32.6333,-16.85,17.35,6.69
569,Vila Velha,75,BR,1652046976,69,-20.3297,-40.2925,24.97,5.66
570,Talcahuano,100,CL,1652046976,94,-36.7167,-73.1167,12.82,5.14
571,Jizan,17,SA,1652046977,69,17.3333,42.6667,29.52,1.73
572,Arona,20,ES,1652046977,68,28.0996,-16.681,17.12,8.23
573,Moyale,37,KE,1652046978,73,3.5167,39.0584,20.59,2.47
574,Denpasar,40,ID,1652046978,100,-8.65,115.2167,25.81,0.51
575,Mahanoro,15,MG,1652046978,91,-19.9,48.8,22.36,2.05
576,Zapolyarnyy,91,RU,1652046979,83,69.4154,30.8136,-0.4,1.39
